,y_expr,y_pred,Region,Function,Type,Ala
1CHO_EFG_I--KI10V--FL,1.2019360303168334,-0.09203068,RIM,Pr/PI,ToSmall,NotToALA
3QIB_ABP_CD--EB57A--SPR,0.0,0.5309231,SURFACE,TCR/pMHC,ToSmall,ToALA
1JCK_A_B--YB26A--SPR,1.774827528243799,-0.15844424,CORE,Unknown,ToSmall,ToALA
4OZG_ABJ_GH--YG33F--SPR,1.7440438778392915,0.77029043,SUPPORT,TCR/pMHC,Neutral,NotToALA
1CHO_EFG_I--LI15C--FL,2.642434426904101,-0.010919893,CORE,Pr/PI,ToSmall,NotToALA
1CHO_EFG_I--TI14C--FL,3.329098964293964,3.1824155,CORE,Pr/PI,ToSmall,NotToALA
1MLC_AB_E--NA92A--FL,-1.253914441342964,0.7059201,CORE,AB/AG,ToSmall,ToALA
3MZG_A_B--HA160A--SPR,0.12519049172704655,1.0077602,SUPPORT,Unknown,ToSmall,ToALA
1MI5_ABC_DE--SD26A--SPR,-0.03918465719849351,0.8915978,CORE,TCR/pMHC,Neutral,ToALA
1MI5_ABC_DE--KD98A--SPR,1.2319692664554074,0.13982464,INTERIOR,TCR/pMHC,ToSmall,ToALA
2J8U_ABC_EF--AA66K--SPR,-0.7283912109317159,0.6960859,SUPPORT,TCR/pMHC,ToLarge,NotToALA
1CHO_EFG_I--YI17K--FL,3.1654321032936377,3.2781065,CORE,Pr/PI,ToSmall,NotToALA
1CHO_EFG_I--GI29A--FL,-1.0918017162835998,1.457362,SUPPORT,Pr/PI,ToLarge,ToALA
1CHO_EFG_I--KI10I--FL,1.545213619840693,0.016142841,RIM,Pr/PI,Neutral,NotToALA
1CHO_EFG_I--YI17P--FL,8.565649822565213,5.8519487,CORE,Pr/PI,ToSmall,NotToALA
1CHO_EFG_I--YI17S--FL,2.8690429425181563,2.7886634,CORE,Pr/PI,ToSmall,NotToALA
1CHO_EFG_I--RI18E--FL,3.519621820349025,3.2642522,RIM,Pr/PI,ToSmall,NotToALA
1CHO_EFG_I--TI14M--FL,3.954937086238303,2.3958118,CORE,Pr/PI,ToLarge,NotToALA
1CHO_EFG_I--NI33Y--FL,2.5661071364088315,1.1900609,CORE,Pr/PI,ToLarge,NotToALA
3QIB_ABP_CD--KP8R--SPR,2.2370340133017184,0.27029833,CORE,TCR/pMHC,ToLarge,NotToALA
3M62_A_B--FB7A--ITC,0.9959674167152084,0.33071336,RIM,Unknown,ToSmall,ToALA
1CHO_EFG_I--PI11C--FL,-0.9835479200787685,-0.8102609,RIM,Pr/PI,ToSmall,NotToALA
1MI5_ABC_DE--VE28A--SPR,0.29308376982828843,0.78704983,CORE,TCR/pMHC,ToSmall,ToALA
1MLC_AB_E--SB57A--FL,-0.37919140078806457,0.18592072,CORE,AB/AG,Neutral,ToALA
1CT4_E_I--VI13L--SP,-3.034282443024363,-3.8862002,CORE,Pr/PI,ToLarge,NotToALA
1JCK_A_B--KB103A--SPR,0.6766378706231091,-0.36885226,INTERIOR,Unknown,ToSmall,ToALA
1CHO_EFG_I--PI11K--FL,0.38651827926613436,-0.3318402,RIM,Pr/PI,ToLarge,NotToALA
4FTV_ABC_DE--QE101E--SPR,0.056466705096413605,-0.27196127,RIM,TCR/pMHC,Neutral,NotToALA
1MI5_ABC_DE--NE49A--SPR,-0.4328699379439609,0.8650709,CORE,TCR/pMHC,ToSmall,ToALA
1JCK_A_B--TB20A--SPR,1.6548416262139325,0.65556717,CORE,Unknown,ToSmall,ToALA
1CHO_EFG_I--TI14H--FL,3.6518236599856166,2.7875574,CORE,Pr/PI,ToLarge,NotToALA
3QIB_ABP_CD--KA67A--SPR,0.56609465110005,-0.11815565,RIM,TCR/pMHC,ToSmall,ToALA
1XGT_AB_C--LB33A--ITC,2.199876204298704,-0.43889973,SUPPORT,AB/AG,ToSmall,ToALA
1CHO_EFG_I--YI17G--FL,3.176107202622868,3.2691922,CORE,Pr/PI,ToSmall,NotToALA
1JCK_A_B--YB90A--SPR,2.5961403725474037,1.1309894,CORE,Unknown,ToSmall,ToALA
4OZG_ABJ_GH--RH95A--SPR,1.7440438778392915,0.87105596,CORE,TCR/pMHC,ToSmall,ToALA
1CHO_EFG_I--YI17C--FL,2.5434629030522657,2.605496,CORE,Pr/PI,ToSmall,NotToALA
3MZG_A_B--HA14A--SPR,-0.0913268760597008,0.753436,RIM,Unknown,ToSmall,ToALA
3QIB_ABP_CD--QA57A--SPR,0.26483439683758814,0.70503217,RIM,TCR/pMHC,ToSmall,ToALA
1CHO_EFG_I--KI10D--FL,-0.5110631998241875,-0.09150887,RIM,Pr/PI,ToSmall,NotToALA
3BP8_A_C--AC51F--SPR,0.6154942507240584,1.5429107,CORE,Unknown,ToLarge,NotToALA
1CHO_EFG_I--EI16M--FL,2.6983089760454213,1.6597558,CORE,Pr/PI,ToLarge,NotToALA
1MI5_ABC_DE--QE96A--SPR,1.2319692664554074,0.22142588,CORE,TCR/pMHC,ToSmall,ToALA
1CHO_EFG_I--GI29Q--FL,2.383700187868813,1.8040789,SUPPORT,Pr/PI,ToLarge,NotToALA
1CHO_EFG_I--KI10Q--FL,-0.5728914979269657,-0.27044308,RIM,Pr/PI,ToSmall,NotToALA
3QIB_ABP_CD--RC89P--SPR,-0.11936844289763826,0.29348424,RIM,TCR/pMHC,ToSmall,NotToALA
1CHO_EFG_I--PI11M--FL,-0.8281096911305195,-0.9205765,RIM,Pr/PI,ToLarge,NotToALA
1CHO_EFG_I--GI29E--FL,2.6158028879928903,1.9857167,SUPPORT,Pr/PI,ToLarge,NotToALA
1CHO_EFG_I--EI16I--FL,2.642434426904101,1.6778805,CORE,Pr/PI,ToLarge,NotToALA
3MZG_A_B--HA84A--SPR,-0.0624210465101509,0.29828522,INTERIOR,Unknown,ToSmall,ToALA
1MI5_ABC_DE--LE94A--SPR,0.11586392886576746,0.49526766,RIM,TCR/pMHC,ToSmall,ToALA
1CHO_EFG_I--EI16A--FL,2.3332482753859995,1.6292706,CORE,Pr/PI,ToSmall,ToALA
1MI5_ABC_DE--GD97A--SPR,1.2319692664554074,0.40829244,INTERIOR,TCR/pMHC,ToLarge,ToALA
1CHO_EFG_I--EI16L--FL,2.8690429425181563,1.8048376,CORE,Pr/PI,ToLarge,NotToALA
1CHO_EFG_I--TI14S--FL,2.350547372507185,3.0522916,CORE,Pr/PI,ToSmall,NotToALA
1CHO_EFG_I--RI18A--FL,3.1917676382098072,3.0679586,RIM,Pr/PI,ToSmall,ToALA
1CHO_EFG_I--AI12K--FL,2.4987283037808883,0.81350553,CORE,Pr/PI,ToLarge,NotToALA
1CHO_EFG_I--AI12F--FL,-0.7354821515764112,-0.2987755,CORE,Pr/PI,ToLarge,NotToALA
1JCK_A_B--VB91A--SPR,2.232905411341318,0.24850808,CORE,Unknown,ToSmall,ToALA
1CHO_EFG_I--RI18S--FL,3.1865933521869003,2.6533506,RIM,Pr/PI,ToSmall,NotToALA
3M62_A_B--RA98A--ITC,0.7886925700868179,0.31278768,RIM,Unknown,ToSmall,ToALA
1MLC_AB_E--TB31A--FL,0.4472068994934837,0.8981013,CORE,AB/AG,ToSmall,ToALA
3W2D_A_HL--KA67N--SPR,4.624007723697229,0.37424755,CORE,AB/AG,ToSmall,NotToALA
3W2D_A_HL--YA45L--SPR,2.3658152199732267,1.676737,CORE,AB/AG,ToSmall,NotToALA
4PWX_AB_CD--KB65A--ITC,0.20247004700997806,0.103284754,RIM,Unknown,ToSmall,ToALA
1CHO_EFG_I--PI11W--FL,-0.20842354567491483,-1.1967537,RIM,Pr/PI,ToLarge,NotToALA
1CHO_EFG_I--AI12T--FL,0.9690771692940032,0.7038614,CORE,Pr/PI,ToLarge,NotToALA
4OZG_ABJ_GH--DH98A--SPR,1.650078013078792,0.5129033,CORE,TCR/pMHC,ToSmall,ToALA
1CHO_EFG_I--TI14Q--FL,3.6818568961241898,3.5293872,CORE,Pr/PI,ToLarge,NotToALA
1CHO_EFG_I--LI15Q--FL,2.9533494069881794,1.9029844,CORE,Pr/PI,ToSmall,NotToALA
3QIB_ABP_CD--HB79A--SPR,0.05155006290611741,1.3872443,CORE,TCR/pMHC,ToSmall,ToALA
1X1W_A_D--AD81E--SPR,-0.410656422151801,-0.09262756,SURFACE,Unknown,ToLarge,NotToALA
3QIB_ABP_CD--AA61G--SPR,0.892289302787936,1.0985123,CORE,TCR/pMHC,ToSmall,NotToALA
1CHO_EFG_I--PI11V--FL,-0.5496551086153083,-0.30749804,RIM,Pr/PI,ToLarge,NotToALA
4X4M_AB_E--RE155E--SPR,0.6418297856402262,0.85804176,SURFACE,Unknown,ToSmall,NotToALA
2NU4_E_I--KI13L--SP,-3.18207602418048,-3.752585,CORE,Pr/PI,Neutral,NotToALA
1MI5_ABC_DE--DD29A--SPR,1.2319692664554074,0.8669122,INTERIOR,TCR/pMHC,ToSmall,ToALA
1CHO_EFG_I--KI10C--FL,0.5032691413288362,-0.18750024,RIM,Pr/PI,ToSmall,NotToALA
1MI5_ABC_DE--TD94A--SPR,0.942994679009785,-0.16412218,RIM,TCR/pMHC,ToSmall,ToALA
3M62_A_B--TA54A--ITC,0.01668989194282844,1.2111224,CORE,Unknown,ToSmall,ToALA
1CHO_EFG_I--GI29D--FL,3.108965398197224,1.919576,SUPPORT,Pr/PI,ToLarge,NotToALA
4X4M_AB_E--KE153E--SPR,0.9535146839401953,0.54526407,CORE,Unknown,ToSmall,NotToALA
4FTV_ABC_DE--RA65A--SPR,3.8267172717726345,1.6985234,RIM,TCR/pMHC,ToSmall,ToALA
1MI5_ABC_DE--YD30A--SPR,0.4496324995398151,2.5892043,CORE,TCR/pMHC,ToSmall,ToALA
3M62_A_B--QB65A--ITC,0.2837208570459868,0.41964003,RIM,Unknown,ToSmall,ToALA
1CHO_EFG_I--EI16C--FL,2.7283422121839944,2.1916244,CORE,Pr/PI,ToSmall,NotToALA
4PWX_AB_CD--FA194A--ITC,1.729231806751419,0.92958933,SUPPORT,Unknown,ToSmall,ToALA
3M62_A_B--IB43A--ITC,2.8837804411322407,1.1582087,CORE,Unknown,ToSmall,ToALA
1CHO_EFG_I--TI14F--FL,4.233214048610151,1.7216992,CORE,Pr/PI,ToLarge,NotToALA
1XGT_AB_C--LB33F--ITC,-1.8626038778387155,-2.5447776,SUPPORT,AB/AG,ToLarge,NotToALA
2B42_A_B--HA357A--SPR,1.6384583655603127,1.1573584,CORE,Unknown,ToSmall,ToALA
1MI5_ABC_DE--YE98A--SPR,1.2319692664554074,0.22303239,CORE,TCR/pMHC,ToSmall,ToALA
1MLC_AB_E--NA32Y--FL,0.0,1.6166996,SUPPORT,AB/AG,ToLarge,NotToALA
1CHO_EFG_I--RI18N--FL,3.519621820349025,2.6124399,RIM,Pr/PI,ToSmall,NotToALA
3QIB_ABP_CD--AB71G--SPR,2.2040410105518795,1.2904794,CORE,TCR/pMHC,ToSmall,NotToALA
1CHO_EFG_I--YI17R--FL,2.909384725932691,2.4915917,CORE,Pr/PI,Neutral,NotToALA
1CHO_EFG_I--LI15W--FL,-1.6909489031269356,-0.46544662,CORE,Pr/PI,ToLarge,NotToALA
1CHO_EFG_I--AI12E--FL,0.22500719480418496,0.43882895,CORE,Pr/PI,ToLarge,NotToALA
3W2D_A_HL--KA67R--SPR,-0.4283118631373313,0.351853,CORE,AB/AG,ToLarge,NotToALA
1CHO_EFG_I--YI17W--FL,0.3923552918382658,0.6551685,CORE,Pr/PI,ToLarge,NotToALA
4FTV_ABC_DE--QE101R--SPR,0.410656422151801,-0.097784676,RIM,TCR/pMHC,ToLarge,NotToALA
4PWX_AB_CD--KC1A--ITC,0.4681196825441596,-0.24298711,RIM,Unknown,ToSmall,ToALA
1MI5_ABC_DE--SD95A--SPR,0.8272079375565085,0.12410283,SUPPORT,TCR/pMHC,Neutral,ToALA
1CHO_EFG_I--RI18L--FL,2.830510815682013,2.138421,RIM,Pr/PI,ToSmall,NotToALA
1MLC_AB_E--NA32G--FL,-0.8777795494000191,1.1168913,SUPPORT,AB/AG,ToSmall,NotToALA
4PWX_AB_CD--EA201K--ITC,1.729231806751419,1.4728848,CORE,Unknown,ToLarge,NotToALA
3M62_A_B--DA46A--ITC,2.8000008261653893,1.9682859,CORE,Unknown,ToSmall,ToALA
1CHO_EFG_I--YI17D--FL,6.296296257660785,4.611855,CORE,Pr/PI,ToSmall,NotToALA
1CHO_EFG_I--NI33D--FL,-1.0400738733360146,0.594283,CORE,Pr/PI,ToSmall,NotToALA
4L3E_ABC_DE--YD50A--SPR,0.4679982411203971,0.11360364,CORE,TCR/pMHC,ToSmall,ToALA
4FTV_ABC_DE--KD66A--SPR,-1.5795713422144706,1.1443733,CORE,TCR/pMHC,ToSmall,ToALA
4PWX_AB_CD--HC19A--ITC,-0.34823537564165186,1.0822345,SUPPORT,Unknown,ToSmall,ToALA
3QIB_ABP_CD--TP11A--SPR,3.1389986343357963,0.4176001,CORE,TCR/pMHC,ToSmall,ToALA
1CHO_EFG_I--AI12L--FL,0.14070073033416008,0.030777497,CORE,Pr/PI,ToLarge,NotToALA
1CHO_EFG_I--GI29P--FL,0.32409723275598346,1.7616986,SUPPORT,Pr/PI,ToLarge,NotToALA
4OZG_ABJ_GH--NH50A--SPR,-0.11102414493606272,0.45204937,RIM,TCR/pMHC,ToSmall,ToALA
1CHO_EFG_I--LI15I--FL,4.479031597542125,1.1132065,CORE,Pr/PI,Neutral,NotToALA
1CHO_EFG_I--YI17E--FL,5.015994766077613,4.3631186,CORE,Pr/PI,ToSmall,NotToALA
1CHO_EFG_I--LI15P--FL,8.80190552590513,6.5719466,CORE,Pr/PI,ToSmall,NotToALA
2J1K_C_T--GC10D--SPR,0.18375190254270812,0.5295485,RIM,Unknown,ToLarge,NotToALA
1CHO_EFG_I--AI12G--FL,0.06601439783662144,0.704526,CORE,Pr/PI,ToSmall,NotToALA
4L3E_ABC_DE--QA155A--SPR,1.2590373218015962,0.68893546,CORE,TCR/pMHC,ToSmall,ToALA
1CHO_EFG_I--KI10E--FL,0.18104251374869662,-0.054839306,RIM,Pr/PI,ToSmall,NotToALA
1MI5_ABC_DE--GE95A--SPR,1.2319692664554074,0.5732012,SUPPORT,TCR/pMHC,ToLarge,ToALA
1CHO_EFG_I--PI11Y--FL,-0.39509393679799487,-0.48041773,RIM,Pr/PI,ToLarge,NotToALA
1CHO_EFG_I--TI14L--FL,4.416610551031976,2.36123,CORE,Pr/PI,ToLarge,NotToALA
3QIB_ABP_CD--KP8A--SPR,3.1389986343357963,0.2840854,CORE,TCR/pMHC,ToSmall,ToALA
3QIB_ABP_CD--NC94P--SPR,0.7868129360353624,0.71511585,RIM,TCR/pMHC,Neutral,NotToALA
1CHO_EFG_I--NI33C--FL,-0.11253932419110235,0.9926837,CORE,Pr/PI,ToSmall,NotToALA
1CHO_EFG_I--NI33H--FL,-0.7354821515764112,0.9343211,CORE,Pr/PI,ToLarge,NotToALA
3QIB_ABP_CD--TP11S--SPR,1.0757225971036863,0.37046328,CORE,TCR/pMHC,ToSmall,NotToALA
1MI5_ABC_DE--SE93A--SPR,-0.6118989524029113,-0.4146806,INTERIOR,TCR/pMHC,Neutral,ToALA
1MI5_ABC_DE--QE48A--SPR,-0.07037354153381159,0.9154198,CORE,TCR/pMHC,ToSmall,ToALA
4X4M_AB_E--HE154E--SPR,1.985129583340866,-0.030951062,SURFACE,Unknown,ToSmall,NotToALA
1CHO_EFG_I--YI17A--FL,2.5434629030522657,2.8718688,CORE,Pr/PI,ToSmall,ToALA
1CHO_EFG_I--TI14A--FL,4.158527716112612,3.146947,CORE,Pr/PI,ToSmall,ToALA
1CHO_EFG_I--PI11Q--FL,-0.7277375709201213,-0.486992,RIM,Pr/PI,ToLarge,NotToALA
3D5S_A_C--AC31R--SPR,-2.2467401074749223,0.5827664,CORE,Unknown,ToLarge,NotToALA
1CHO_EFG_I--EI16H--FL,2.0897290910557818,1.6438574,CORE,Pr/PI,ToLarge,NotToALA
3M62_A_B--EA55A--ITC,1.0515740413551047,0.4577638,RIM,Unknown,ToSmall,ToALA
1CHO_EFG_I--TI14E--FL,6.425761593661992,6.135012,CORE,Pr/PI,ToLarge,NotToALA
1CHO_EFG_I--KI10T--FL,0.38062318601322787,-0.2814115,RIM,Pr/PI,ToSmall,NotToALA
1MI5_ABC_DE--GD93A--SPR,1.2319692664554074,0.56583476,CORE,TCR/pMHC,ToLarge,ToALA
1CHO_EFG_I--GI29W--FL,1.0566304530815938,2.300548,SUPPORT,Pr/PI,ToLarge,NotToALA
1CHO_EFG_I--NI33L--FL,0.6168788893531456,1.2144278,CORE,Pr/PI,ToLarge,NotToALA
3MZG_A_B--HA17A--SPR,-0.8744037454872142,1.3041464,SUPPORT,Unknown,ToSmall,ToALA
4OZG_ABJ_GH--YH101F--SPR,0.5337899421353942,-0.43774733,RIM,TCR/pMHC,Neutral,NotToALA
1KIQ_AB_C--FB101Y--ITC,-2.496076099568535,1.0299727,CORE,AB/AG,Neutral,NotToALA
1MI5_ABC_DE--SD23A--SPR,0.10006427297887033,0.34097597,SURFACE,TCR/pMHC,Neutral,ToALA
1CHO_EFG_I--AI12M--FL,0.14070073033416008,0.20284213,CORE,Pr/PI,ToLarge,NotToALA
1CHO_EFG_I--PI11E--FL,-0.7200929231279876,-0.5127698,RIM,Pr/PI,ToLarge,NotToALA
4PWX_AB_CD--DC60K--ITC,0.37095579391232647,2.6882088,CORE,Unknown,ToLarge,NotToALA
1CHO_EFG_I--PI11H--FL,-0.11253932419110235,-1.0112176,RIM,Pr/PI,ToLarge,NotToALA
1CHO_EFG_I--NI33G--FL,-1.3942043422305712,1.007358,CORE,Pr/PI,ToSmall,NotToALA
1MI5_ABC_DE--HD32A--SPR,1.2319692664554074,1.070195,SUPPORT,TCR/pMHC,ToSmall,ToALA
3MZG_A_B--HA33A--SPR,0.2043014301800259,0.2723996,SURFACE,Unknown,ToSmall,ToALA
1CHO_EFG_I--NI33P--FL,-1.8340036221342242,0.55352396,CORE,Pr/PI,Neutral,NotToALA
1MI5_ABC_DE--SD51A--SPR,0.4820149844763675,0.3052662,RIM,TCR/pMHC,Neutral,ToALA
1CHO_EFG_I--KI10M--FL,0.42621890750561064,-0.36808068,RIM,Pr/PI,Neutral,NotToALA
1MI5_ABC_DE--PD89A--SPR,1.2319692664554074,1.3623489,INTERIOR,TCR/pMHC,ToSmall,ToALA
1F5R_A_I--KA129Q--ITC,-1.1713739593985926,0.28702965,INTERIOR,Pr/PI,ToSmall,NotToALA
1CHO_EFG_I--RI18C--FL,3.519621820349025,2.108393,RIM,Pr/PI,ToSmall,NotToALA
1CHO_EFG_I--GI29R--FL,1.744794292105226,1.663357,SUPPORT,Pr/PI,ToLarge,NotToALA
3MZG_A_B--HA46A--SPR,0.03386361566734397,0.96274656,INTERIOR,Unknown,ToSmall,ToALA
3QIB_ABP_CD--SB61A--SPR,0.02633553491616869,0.10721225,SURFACE,TCR/pMHC,Neutral,ToALA
1CHO_EFG_I--KI10F--FL,1.0933265139069324,0.06262718,RIM,Pr/PI,ToLarge,NotToALA
1MI5_ABC_DE--GD92A--SPR,0.7641347699197061,0.43955946,CORE,TCR/pMHC,ToLarge,ToALA
1CHO_EFG_I--KI10G--FL,1.8224222460949022,-0.09129649,RIM,Pr/PI,ToSmall,NotToALA
1CHO_EFG_I--RI18T--FL,2.6691661182935693,1.784042,RIM,Pr/PI,ToSmall,NotToALA
1KAC_A_B--SA87Y--FL,-1.252759188489918,0.86218625,RIM,Unknown,ToLarge,NotToALA
2GOX_A_B--NB38A--SPR,1.56952954276783,1.1404558,CORE,Unknown,ToSmall,ToALA
1CHO_EFG_I--RI18W--FL,2.4394336602184836,3.0142858,RIM,Pr/PI,ToLarge,NotToALA
1CHO_EFG_I--KI10L--FL,0.38062318601322787,-0.39056784,RIM,Pr/PI,Neutral,NotToALA
1CHO_EFG_I--RI18K--FL,0.6627690700880446,2.9203353,RIM,Pr/PI,ToSmall,NotToALA
1CHO_EFG_I--TI14W--FL,4.158527716112612,2.4989042,CORE,Pr/PI,ToLarge,NotToALA
1CHO_EFG_I--AI12D--FL,0.0,0.44139618,CORE,Pr/PI,ToLarge,NotToALA
1CHO_EFG_I--EI16T--FL,2.909384725932691,1.7825909,CORE,Pr/PI,ToSmall,NotToALA
3W2D_A_HL--YA45F--SPR,0.878337413832714,1.4365174,CORE,AB/AG,Neutral,NotToALA
4PWX_AB_CD--RC31A--ITC,0.3346718866465679,0.6918133,RIM,Unknown,ToSmall,ToALA
4OZG_ABJ_GH--YH46F--SPR,-0.647137149986575,0.89283913,SUPPORT,TCR/pMHC,Neutral,NotToALA
1CHO_EFG_I--AI12C--FL,-0.32677779703493925,0.197183,CORE,Pr/PI,ToLarge,NotToALA
3M62_A_B--VB67A--ITC,1.138168683320682,1.7235,CORE,Unknown,ToSmall,ToALA
1CHO_EFG_I--RI18M--FL,2.6158028879928903,2.3321867,RIM,Pr/PI,ToSmall,NotToALA
1CHO_EFG_I--EI16W--FL,3.160021545290034,2.411541,CORE,Pr/PI,ToLarge,NotToALA
1CHO_EFG_I--TI14N--FL,4.317520513080176,3.2980497,CORE,Pr/PI,Neutral,NotToALA
4PWX_AB_CD--KB68A--ITC,0.44786294067200316,0.22228242,RIM,Unknown,ToSmall,ToALA
3QIB_ABP_CD--QB62A--SPR,1.7639565446397665,1.4312956,CORE,TCR/pMHC,ToSmall,ToALA
4PWX_AB_CD--YA198A--ITC,1.729231806751419,1.4364421,CORE,Unknown,ToSmall,ToALA
1CHO_EFG_I--RI18H--FL,2.794356610020616,2.423676,RIM,Pr/PI,ToSmall,NotToALA
1CHO_EFG_I--EI16G--FL,3.6226808022337647,1.7941915,CORE,Pr/PI,ToSmall,NotToALA
1CHO_EFG_I--TI14I--FL,3.6518236599856166,3.012479,CORE,Pr/PI,ToLarge,NotToALA
1CHO_EFG_I--LI15Y--FL,-2.2250730708551583,-0.065153204,CORE,Pr/PI,ToLarge,NotToALA
1CHO_EFG_I--EI16P--FL,2.5907659801463048,2.442774,CORE,Pr/PI,ToSmall,NotToALA
3QIB_ABP_CD--TB75A--SPR,0.7498465536427572,0.97870696,CORE,TCR/pMHC,ToSmall,ToALA
1CHO_EFG_I--KI10W--FL,1.0195290817768168,0.0830069,RIM,Pr/PI,ToLarge,NotToALA
2B42_A_B--HA357Q--SPR,1.0761156218184702,1.0625895,CORE,Unknown,Neutral,NotToALA
1MI5_ABC_DE--ND52A--SPR,-0.019268429443763502,0.39592785,SURFACE,TCR/pMHC,ToSmall,ToALA
1CHO_EFG_I--PI11I--FL,-0.5110631998241875,-0.2998368,RIM,Pr/PI,ToLarge,NotToALA
1MI5_ABC_DE--EE99A--SPR,0.11974887382756627,-0.018141977,SURFACE,TCR/pMHC,ToSmall,ToALA
1CHO_EFG_I--KI10N--FL,-0.3609865638823049,-0.14802837,RIM,Pr/PI,ToSmall,NotToALA
1CHO_EFG_I--EI16F--FL,3.6226808022337647,2.138013,CORE,Pr/PI,ToLarge,NotToALA
1XGT_AB_C--LB33V--ITC,1.0467808480939755,-0.55469424,SUPPORT,AB/AG,ToSmall,NotToALA
1CHO_EFG_I--LI15V--FL,4.273555832024687,1.9810923,CORE,Pr/PI,ToSmall,NotToALA
4L3E_ABC_DE--RA65A--SPR,1.3017500595818472,1.6370386,CORE,TCR/pMHC,ToSmall,ToALA
1CHO_EFG_I--EI16Q--FL,1.334137869953425,1.4056002,CORE,Pr/PI,Neutral,NotToALA
1CHO_EFG_I--GI29F--FL,0.10216860349801671,1.7833335,SUPPORT,Pr/PI,ToLarge,NotToALA
1CHO_EFG_I--KI10H--FL,0.14070073033416008,-0.11073831,RIM,Pr/PI,ToSmall,NotToALA
1CHO_EFG_I--RI18G--FL,3.4861066033884285,2.7676952,RIM,Pr/PI,ToSmall,NotToALA
1MLC_AB_E--SB57V--FL,-0.49440194995292863,0.2125256,CORE,AB/AG,ToLarge,NotToALA
3M62_A_B--MB69A--ITC,0.6811227670121234,1.1969284,CORE,Unknown,ToSmall,ToALA
4PWX_AB_CD--RB71A--ITC,0.35910635924568624,1.1030172,CORE,Unknown,ToSmall,ToALA
1CHO_EFG_I--PI11R--FL,0.39813535703843606,-0.24349554,RIM,Pr/PI,ToLarge,NotToALA
1MI5_ABC_DE--QE100A--SPR,1.2319692664554074,0.580701,INTERIOR,TCR/pMHC,ToSmall,ToALA
1CHO_EFG_I--NI33V--FL,0.032861582474993156,1.0425057,CORE,Pr/PI,ToLarge,NotToALA
1CHO_EFG_I--AI12R--FL,0.46855491247338144,0.8616665,CORE,Pr/PI,ToLarge,NotToALA
3M62_A_B--LA50A--ITC,2.8292636620431573,1.3582036,CORE,Unknown,ToSmall,ToALA
3M62_A_B--VB48A--ITC,1.0904372814922763,0.61308545,RIM,Unknown,ToSmall,ToALA
1MI5_ABC_DE--YE101A--SPR,0.2604089646175156,0.7311771,SURFACE,TCR/pMHC,ToSmall,ToALA
1CHO_EFG_I--KI10P--FL,2.076339775804051,0.955012,RIM,Pr/PI,ToSmall,NotToALA
3M62_A_B--KB8A--ITC,0.4971271072210701,0.18202242,SURFACE,Unknown,ToSmall,ToALA
3H9S_ABC_DE--AA150P--SPR,0.16316837381589355,-0.15916601,SURFACE,TCR/pMHC,ToLarge,NotToALA
1CHO_EFG_I--RI18I--FL,2.109262244357277,1.756159,RIM,Pr/PI,ToSmall,NotToALA
1CHO_EFG_I--PI11D--FL,-0.8513460804421786,-0.40912077,RIM,Pr/PI,Neutral,NotToALA
1CHO_EFG_I--AI12H--FL,-0.32677779703493925,0.44449362,CORE,Pr/PI,ToLarge,NotToALA
1MI5_ABC_DE--SE29A--SPR,1.0638965328630254,0.6837357,SUPPORT,TCR/pMHC,Neutral,ToALA
3QIB_ABP_CD--EB67A--SPR,1.8214198050321242,1.2804966,CORE,TCR/pMHC,ToSmall,ToALA
4PWX_AB_CD--EA206A--ITC,1.0391721197620027,0.3020119,SURFACE,Unknown,ToSmall,ToALA
4PWX_AB_CD--QC20A--ITC,-0.17779756112897083,2.236996,CORE,Unknown,ToSmall,ToALA
1CHO_EFG_I--LI15M--FL,0.38062318601322787,-0.038464118,CORE,Pr/PI,Neutral,NotToALA
1CHO_EFG_I--EI16D--FL,0.8817595191287388,1.1269456,CORE,Pr/PI,ToSmall,NotToALA
1MI5_ABC_DE--AE97G--SPR,1.2319692664554074,1.1301898,CORE,TCR/pMHC,ToSmall,NotToALA
1CHO_EFG_I--KI10S--FL,-0.42663875504834436,-0.5080815,RIM,Pr/PI,ToSmall,NotToALA
3M62_A_B--YA103A--ITC,4.47721878974048,2.963821,SUPPORT,Unknown,ToSmall,ToALA
1CHO_EFG_I--EI16V--FL,2.4394336602184836,1.7826079,CORE,Pr/PI,Neutral,NotToALA
1CHO_EFG_I--RI18Q--FL,2.4784715619087336,2.3763797,RIM,Pr/PI,ToSmall,NotToALA
1CHO_EFG_I--NI33M--FL,-0.20842354567491483,0.94788384,CORE,Pr/PI,ToLarge,NotToALA
1CHO_EFG_I--KI10R--FL,-0.3777948396768114,-0.19070476,RIM,Pr/PI,ToLarge,NotToALA
1CHO_EFG_I--AI12N--FL,-0.28890855196551257,0.7957155,CORE,Pr/PI,ToLarge,NotToALA
4PWX_AB_CD--EC17A--ITC,-0.6847386454582676,0.9530047,RIM,Unknown,ToSmall,ToALA
4PWX_AB_CD--KC9A--ITC,-0.2740822233064648,0.09224387,RIM,Unknown,ToSmall,ToALA
3M62_A_B--SB45A--ITC,1.2787393232851993,1.1027768,CORE,Unknown,Neutral,ToALA
3MZG_A_B--HA182A--SPR,-0.26113509223072207,0.08439203,SURFACE,Unknown,ToSmall,ToALA
3M62_A_B--GA102A--ITC,1.264891735008634,0.4080292,SUPPORT,Unknown,ToLarge,ToALA
1CHO_EFG_I--LI15S--FL,4.986851908325761,0.7152234,CORE,Pr/PI,ToSmall,NotToALA
1CHO_EFG_I--YI17L--FL,0.6844465608035346,1.9713805,CORE,Pr/PI,ToSmall,NotToALA
1CHO_EFG_I--NI33E--FL,2.3332482753859995,0.68644065,CORE,Pr/PI,ToLarge,NotToALA
1CHO_EFG_I--YI17V--FL,3.463747271207703,4.7387595,CORE,Pr/PI,ToSmall,NotToALA
3BP8_A_C--FA115A--SPR,0.7089873156092406,1.5751249,SUPPORT,Unknown,ToSmall,ToALA
4PWX_AB_CD--EC67K--ITC,1.1038674569104971,-0.013897362,SURFACE,Unknown,ToLarge,NotToALA
4PWX_AB_CD--KB68D--ITC,0.2617646905723827,0.29337582,RIM,Unknown,ToSmall,NotToALA
4X4M_AB_E--KE153A--SPR,0.6395467308544589,0.84618264,CORE,Unknown,ToSmall,ToALA
1CHO_EFG_I--AI12P--FL,3.108965398197224,0.8884159,CORE,Pr/PI,ToLarge,NotToALA
4L3E_ABC_DE--ND52A--SPR,-0.45974575626269765,0.11808963,SURFACE,TCR/pMHC,ToSmall,ToALA
3M62_A_B--EA32A--ITC,0.8297165594433249,0.3179128,RIM,Unknown,ToSmall,ToALA
4PWX_AB_CD--YC15A--ITC,0.754609730741211,0.5481231,SURFACE,Unknown,ToSmall,ToALA
1CHO_EFG_I--NI33T--FL,-1.2981567082553749,0.9531885,CORE,Pr/PI,Neutral,NotToALA
3TGK_E_I--NE170D--ITC,-0.17043781451268103,0.35022604,INTERIOR,Pr/PI,ToSmall,NotToALA
4OZG_ABJ_GH--LG50A--SPR,1.186186030486466,0.9343844,CORE,TCR/pMHC,ToSmall,ToALA
1CHO_EFG_I--LI15A--FL,4.76622027411751,1.5416704,CORE,Pr/PI,ToSmall,ToALA
1MI5_ABC_DE--GE26A--SPR,-0.28936067542523425,0.1802146,SURFACE,TCR/pMHC,ToLarge,ToALA
1MI5_ABC_DE--TD24A--SPR,0.2604089646175156,0.39923304,RIM,TCR/pMHC,ToSmall,ToALA
1MLC_AB_E--KB65D--FL,0.01855706015627767,1.1350621,SURFACE,AB/AG,ToSmall,NotToALA
1CHO_EFG_I--PI11F--FL,-0.30754065301040256,-1.1523243,RIM,Pr/PI,ToLarge,NotToALA
4PWX_AB_CD--QA205A--ITC,1.013957591772054,0.77372015,CORE,Unknown,ToSmall,ToALA
3M62_A_B--QB50A--ITC,1.0544361337993582,-0.0035926164,RIM,Unknown,ToSmall,ToALA
1CHO_EFG_I--GI29N--FL,0.9535146839401953,1.6012944,SUPPORT,Pr/PI,ToLarge,NotToALA
1CHO_EFG_I--LI15R--FL,4.006605532996096,1.3864721,CORE,Pr/PI,ToLarge,NotToALA
4X4M_AB_E--RE155A--SPR,1.7401713345535708,0.54267216,SURFACE,Unknown,ToSmall,ToALA
1CHO_EFG_I--PI11L--FL,-0.5245592727992001,-0.9406929,RIM,Pr/PI,ToLarge,NotToALA
1CHO_EFG_I--YI17Q--FL,3.1545611196896033,3.175369,CORE,Pr/PI,ToSmall,NotToALA
4L3E_ABC_DE--EA166A--SPR,1.2175185016655128,2.6913238,RIM,TCR/pMHC,ToSmall,ToALA
1CHO_EFG_I--NI33K--FL,2.3332482753859995,1.3423533,CORE,Pr/PI,ToLarge,NotToALA
1CHO_EFG_I--GI29I--FL,2.3673556483016913,1.8189342,SUPPORT,Pr/PI,ToLarge,NotToALA
1MI5_ABC_DE--TD50A--SPR,-0.5584658022381381,0.13132279,RIM,TCR/pMHC,ToSmall,ToALA
1MI5_ABC_DE--HD47A--SPR,1.117279597844023,1.1480922,CORE,TCR/pMHC,ToSmall,ToALA
1CHO_EFG_I--GI29M--FL,1.6365404959003946,1.6852735,SUPPORT,Pr/PI,ToLarge,NotToALA
4OZG_ABJ_GH--QH48A--SPR,0.8051583812121743,1.4720048,CORE,TCR/pMHC,ToSmall,ToALA
1CHO_EFG_I--GI29S--FL,-0.13757623203768787,1.4966776,SUPPORT,Pr/PI,ToLarge,NotToALA
3QIB_ABP_CD--AA64G--SPR,0.6100000662140346,0.8733614,CORE,TCR/pMHC,ToSmall,NotToALA
3QIB_ABP_CD--YP6A--SPR,3.1389986343357963,0.2241311,CORE,TCR/pMHC,ToSmall,ToALA
1CHO_EFG_I--YI17M--FL,1.2265948740543067,2.608424,CORE,Pr/PI,ToSmall,NotToALA
1CHO_EFG_I--PI11S--FL,-0.4406896582903759,-0.22153978,RIM,Pr/PI,ToSmall,NotToALA
1CHO_EFG_I--YI17F--FL,0.18104251374869662,0.6284434,CORE,Pr/PI,Neutral,NotToALA
1CHO_EFG_I--TI14D--FL,6.820855530459987,6.4389033,CORE,Pr/PI,Neutral,NotToALA
2GOX_A_B--RB31A--SPR,2.2467401074749223,1.5495683,CORE,Unknown,ToSmall,ToALA
1CHO_EFG_I--LI15T--FL,4.4848686101142565,1.0752907,CORE,Pr/PI,ToSmall,NotToALA
1CHO_EFG_I--RI18D--FL,3.783076817299806,3.2639973,RIM,Pr/PI,ToSmall,NotToALA
1CHO_EFG_I--LI15D--FL,7.201478716473215,3.825678,CORE,Pr/PI,ToSmall,NotToALA
1CHO_EFG_I--LI15G--FL,6.085373378883576,1.9593307,CORE,Pr/PI,ToSmall,NotToALA
1CHO_EFG_I--TI14R--FL,3.884089772601076,3.315811,CORE,Pr/PI,ToLarge,NotToALA
3QIB_ABP_CD--EA75A--SPR,0.0,-0.28095207,SURFACE,TCR/pMHC,ToSmall,ToALA
2J1K_C_T--RC24A--SPR,0.7648461392071919,1.0403539,CORE,Unknown,ToSmall,ToALA
2B42_A_B--HA357K--SPR,2.5677879778664483,1.2483332,CORE,Unknown,ToLarge,NotToALA
1JCK_A_B--NB60A--SPR,1.6426256886072101,-0.26559702,RIM,Unknown,ToSmall,ToALA
3M62_A_B--IA110A--ITC,1.8539384666967775,-0.25839266,RIM,Unknown,ToSmall,ToALA
1CHO_EFG_I--EI16K--FL,3.594645585601718,1.7526684,CORE,Pr/PI,ToLarge,NotToALA
1CHO_EFG_I--NI33S--FL,-1.4767104302831005,0.6522035,CORE,Pr/PI,ToSmall,NotToALA
1CHO_EFG_I--RI18Y--FL,3.0007116019923927,3.1569355,RIM,Pr/PI,Neutral,NotToALA
1CHO_EFG_I--AI12W--FL,-1.9253304981939277,-0.0034775177,CORE,Pr/PI,ToLarge,NotToALA
3QIB_ABP_CD--EB64A--SPR,1.2128121060482648,0.19066246,RIM,TCR/pMHC,ToSmall,ToALA
4X4M_AB_E--HE154A--SPR,0.3830955466049417,0.15495457,SURFACE,Unknown,ToSmall,ToALA
1CHO_EFG_I--AI12Y--FL,-0.8755311520762366,0.43056452,CORE,Pr/PI,ToLarge,NotToALA
4PWX_AB_CD--RC23A--ITC,1.729231806751419,1.6626765,SUPPORT,Unknown,ToSmall,ToALA
1CHO_EFG_I--PI11A--FL,0.38062318601322787,-0.22911875,RIM,Pr/PI,ToSmall,ToALA
1MLC_AB_E--TB28D--FL,-0.1510114189344698,0.091311045,SURFACE,AB/AG,Neutral,NotToALA
1CHO_EFG_I--LI15E--FL,6.658620454684822,3.778161,CORE,Pr/PI,ToSmall,NotToALA
1CHO_EFG_I--KI10Y--FL,1.0752625541264855,0.26593065,RIM,Pr/PI,ToLarge,NotToALA
1XGT_AB_C--LB33I--ITC,-0.06134288063707416,-0.37198368,SUPPORT,AB/AG,Neutral,NotToALA
1CHO_EFG_I--EI16N--FL,2.3332482753859995,1.6320587,CORE,Pr/PI,ToSmall,NotToALA
1CHO_EFG_I--LI15F--FL,-1.5017473381296877,-0.101470426,CORE,Pr/PI,ToLarge,NotToALA
1CHO_EFG_I--TI14K--FL,4.092513318275991,3.9152865,CORE,Pr/PI,ToLarge,NotToALA
1CHO_EFG_I--PI11G--FL,0.6364335351718751,-0.09378243,RIM,Pr/PI,ToSmall,NotToALA
1MI5_ABC_DE--EE50A--SPR,0.8189382840757293,0.16418192,RIM,TCR/pMHC,ToSmall,ToALA
1CHO_EFG_I--RI18V--FL,2.0660953940392286,1.9122279,RIM,Pr/PI,ToSmall,NotToALA
1CHO_EFG_I--PI11T--FL,-0.5496551086153083,-0.47645444,RIM,Pr/PI,Neutral,NotToALA
1CHO_EFG_I--NI33I--FL,-0.030033236138573116,0.9384768,CORE,Pr/PI,ToLarge,NotToALA
1CHO_EFG_I--YI17I--FL,2.109262244357277,4.1503935,CORE,Pr/PI,ToSmall,NotToALA
1CHO_EFG_I--GI29T--FL,2.076339775804051,1.7806627,SUPPORT,Pr/PI,ToLarge,NotToALA
1CHO_EFG_I--KI10A--FL,0.18104251374869662,-0.07690712,RIM,Pr/PI,ToSmall,ToALA
1CHO_EFG_I--YI17T--FL,3.3040620564473784,3.8901215,CORE,Pr/PI,ToSmall,NotToALA
1CHO_EFG_I--AI12S--FL,0.06601439783662144,0.62039405,CORE,Pr/PI,Neutral,NotToALA
1CHO_EFG_I--LI15H--FL,3.0007116019923927,1.8227333,CORE,Pr/PI,Neutral,NotToALA
1MLC_AB_E--TB31V--FL,0.5264760571979714,1.0625229,CORE,AB/AG,ToLarge,NotToALA
4L3E_ABC_DE--YD26A--SPR,2.784808917280408,0.40790415,CORE,TCR/pMHC,ToSmall,ToALA
1CHO_EFG_I--EI16Y--FL,2.6691661182935693,2.4662805,CORE,Pr/PI,ToLarge,NotToALA
1CHO_EFG_I--NI33W--FL,2.178687103568688,1.1770016,CORE,Pr/PI,ToLarge,NotToALA
4OZG_ABJ_GH--FH94A--SPR,1.4347845795856529,0.6324467,CORE,TCR/pMHC,ToSmall,ToALA
4PWX_AB_CD--RB269A--ITC,1.729231806751419,1.5607873,CORE,Unknown,ToSmall,ToALA
4L3E_ABC_DE--YE48A--SPR,2.2283304698143906,1.6195863,SUPPORT,TCR/pMHC,ToSmall,ToALA
4FTV_ABC_DE--DD93A--SPR,1.0142644966658336,0.8398602,CORE,TCR/pMHC,ToSmall,ToALA
1CHO_EFG_I--YI17N--FL,3.0007116019923927,2.5616863,CORE,Pr/PI,ToSmall,NotToALA
4PWX_AB_CD--DA250A--ITC,1.1433788940310903,-0.3262897,SURFACE,Unknown,ToSmall,ToALA
1MI5_ABC_DE--YD96A--SPR,1.2319692664554074,1.666467,SUPPORT,TCR/pMHC,ToSmall,ToALA
4KRO_A_B--RB15A--SPR,1.5840085202286875,0.79691833,CORE,AB/AG,ToSmall,ToALA
1MLC_AB_E--TB31W--FL,0.13220183963658982,0.5426119,CORE,AB/AG,ToLarge,NotToALA
1CHO_EFG_I--TI14V--FL,3.581450118451805,2.9181664,CORE,Pr/PI,ToLarge,NotToALA
3MZG_A_B--HB188A--SPR,-0.4473146278297673,1.04752,CORE,Unknown,ToSmall,ToALA
3QIB_ABP_CD--YP6F--SPR,0.10801676800253102,-0.7029619,CORE,TCR/pMHC,Neutral,NotToALA
1CHO_EFG_I--GI29V--FL,0.7019242879472305,1.5947322,SUPPORT,Pr/PI,ToLarge,NotToALA
1CT2_E_I--TI13L--SP,-3.2987102575370457,-3.7956603,CORE,Pr/PI,ToLarge,NotToALA
1MI5_ABC_DE--LD49A--SPR,1.2319692664554074,0.92764497,CORE,TCR/pMHC,ToSmall,ToALA
1CHO_EFG_I--GI29C--FL,2.5434629030522657,1.7533553,SUPPORT,Pr/PI,ToLarge,NotToALA
4OZG_ABJ_GH--NG29A--SPR,-0.07165861398139572,0.8054412,CORE,TCR/pMHC,ToSmall,ToALA
1MI5_ABC_DE--AD91G--SPR,0.6083049234731739,0.1562222,RIM,TCR/pMHC,ToSmall,NotToALA
3MZG_A_B--HA125A--SPR,-0.396877848026838,0.44604313,INTERIOR,Unknown,ToSmall,ToALA
1CHO_EFG_I--NI33F--FL,2.3673556483016913,0.6198018,CORE,Pr/PI,ToLarge,NotToALA
4PWX_AB_CD--YC16A--ITC,1.1449693701104424,1.933302,CORE,Unknown,ToSmall,ToALA
4PWX_AB_CD--RC28A--ITC,1.729231806751419,1.5653331,RIM,Unknown,ToSmall,ToALA
1CHO_EFG_I--PI11N--FL,-0.7799875181176095,-0.31251726,RIM,Pr/PI,Neutral,NotToALA
1CHO_EFG_I--RI18F--FL,2.9533494069881794,2.406592,RIM,Pr/PI,Neutral,NotToALA
1CHO_EFG_I--AI12V--FL,0.9535146839401953,0.7261008,CORE,Pr/PI,ToLarge,NotToALA
1CHO_EFG_I--LI15K--FL,4.47313650428922,2.0005262,CORE,Pr/PI,Neutral,NotToALA
1CHO_EFG_I--YI17H--FL,1.589178300896183,1.9402373,CORE,Pr/PI,ToSmall,NotToALA
4PWX_AB_CD--KB65D--ITC,0.1188877516065645,-0.002807045,RIM,Unknown,ToSmall,NotToALA
1CHO_EFG_I--LI15N--FL,3.3570311666995813,1.5094997,CORE,Pr/PI,ToSmall,NotToALA
2J1K_C_T--RC155A--SPR,0.0515500629061183,0.7062893,SURFACE,Unknown,ToSmall,ToALA
4PWX_AB_CD--EA246K--ITC,1.729231806751419,0.21079893,RIM,Unknown,ToLarge,NotToALA
1MLC_AB_E--TB58D--FL,-0.5599329877712229,1.8417726,RIM,AB/AG,Neutral,NotToALA
1CHO_EFG_I--GI29H--FL,-0.9835479200787685,1.6595794,SUPPORT,Pr/PI,ToLarge,NotToALA
3QIB_ABP_CD--LD95P--SPR,-0.3697238018200881,0.60946435,RIM,TCR/pMHC,ToSmall,NotToALA
3QIB_ABP_CD--DB74A--SPR,0.8629054966221013,1.3137578,CORE,TCR/pMHC,ToSmall,ToALA
4KRO_A_B--DB92A--SPR,1.5048975817757082,0.16157638,CORE,AB/AG,ToSmall,ToALA
3QIB_ABP_CD--TP11N--SPR,1.2238347864867585,0.42340216,CORE,TCR/pMHC,Neutral,NotToALA
1CHO_EFG_I--NI33R--FL,1.589178300896183,0.9331652,CORE,Pr/PI,ToLarge,NotToALA
1CHO_EFG_I--NI25S--FL,0.0,0.18635295,SURFACE,Pr/PI,ToSmall,NotToALA
1CHO_EFG_I--NI33A--FL,-1.3641711060919963,0.9116274,CORE,Pr/PI,ToSmall,ToALA
1MI5_ABC_DE--TD28A--SPR,0.5875756258422742,0.82296234,CORE,TCR/pMHC,ToSmall,ToALA
4FTV_ABC_DE--TA163A--SPR,0.3611190590150821,0.75505406,CORE,TCR/pMHC,ToSmall,ToALA
4OZG_ABJ_GH--YG31A--SPR,1.7440438778392915,1.4149816,CORE,TCR/pMHC,ToSmall,ToALA
1CHO_EFG_I--AI12I--FL,0.6553633238612075,0.52377385,CORE,Pr/PI,ToLarge,NotToALA
1CHO_EFG_I--TI14G--FL,5.294449348592824,4.2222705,CORE,Pr/PI,ToSmall,NotToALA
1MI5_ABC_DE--LD90A--SPR,1.2319692664554074,0.9715599,SUPPORT,TCR/pMHC,ToSmall,ToALA
1CHO_EFG_I--GI29K--FL,1.589178300896183,2.4449692,SUPPORT,Pr/PI,ToLarge,NotToALA
4OZG_ABJ_GH--FH96A--SPR,0.8835463763371942,0.39315218,SUPPORT,TCR/pMHC,ToSmall,ToALA
1MI5_ABC_DE--SE92A--SPR,0.30169097182686944,0.1907863,INTERIOR,TCR/pMHC,Neutral,ToALA
3QIB_ABP_CD--AA68G--SPR,0.8450668850101417,0.2095994,RIM,TCR/pMHC,ToSmall,NotToALA
3UII_A_P--KA58A--ITC,0.045595721492381,0.6733727,RIM,Unknown,ToSmall,ToALA
1CHO_EFG_I--NI33Q--FL,-0.18487930913173045,0.7456843,CORE,Pr/PI,ToLarge,NotToALA
1CHO_EFG_I--RI18P--FL,7.289410442933367,6.0447445,RIM,Pr/PI,ToSmall,NotToALA
1CHO_EFG_I--TI14Y--FL,4.47313650428922,2.7865894,CORE,Pr/PI,ToLarge,NotToALA
1KAC_A_B--PA15S--FL,-0.7933806418979898,0.9492109,CORE,Unknown,ToSmall,NotToALA
1CHO_EFG_I--GI29Y--FL,-0.9835479200787685,1.9931637,SUPPORT,Pr/PI,ToLarge,NotToALA
1QSE_ABC_DE--RC7V--SPR,-1.2254227690865793,0.6795454,CORE,TCR/pMHC,ToSmall,NotToALA
1CHO_EFG_I--EI16R--FL,3.6818568961241898,1.8149287,CORE,Pr/PI,ToLarge,NotToALA
3MZG_A_B--HA167A--SPR,-0.686274038430053,1.2670557,CORE,Unknown,ToSmall,ToALA
1CHO_EFG_I--TI14P--FL,4.233214048610151,4.58755,CORE,Pr/PI,Neutral,NotToALA
1MI5_ABC_DE--SE25A--SPR,0.0322816334623548,0.18937166,SURFACE,TCR/pMHC,Neutral,ToALA
1CHO_EFG_I--GI29L--FL,1.7506893853581307,1.8837998,SUPPORT,Pr/PI,ToLarge,NotToALA
1CHO_EFG_I--AI12Q--FL,0.4424514841160079,0.7459192,CORE,Pr/PI,ToLarge,NotToALA
1JCK_A_B--FB176A--SPR,2.1339338874894844,-0.21842162,RIM,Unknown,ToSmall,ToALA
1CHO_EFG_I--EI16S--FL,2.794356610020616,1.7726,CORE,Pr/PI,ToSmall,NotToALA
